symbol,predicted_close,true_close,error_abs,predicted_date
aave,202.65652788356985,276.8644278637554,74.20789998018554,2025-06-16
algorand,0.2057448942176589,0.1768557764676229,0.0288891177500359,2025-06-16
aptos,4.611325365235852,4.503636388142304,0.1076889770935478,2025-06-16
arbitrum,0.3120369831933466,0.3278296770610344,0.0157926938676877,2025-06-16
avalanche-2,19.49590279057056,18.99247099681746,0.5034317937530943,2025-06-16
binance-bridged-usdt-bnb-smart-chain,1.000204275688521,1.000656765827108,0.0004524901385869,2025-06-14
binance-peg-weth,2106.099863526295,2533.8935839829123,427.7937204566174,2025-06-15
binance-staked-sol,149.2349540100298,156.81242630689732,7.577472296867512,2025-06-16
binancecoin,627.2177004834688,650.5886008403085,23.370900356839684,2025-06-14
bitcoin-cash,360.2315298466237,433.8785625594901,73.64703271286635,2025-06-14
bitcoin,95533.19759525028,105435.25905739484,9902.061462144557,2025-06-16
bitget-token,4.692134007795449,4.522749499820082,0.1693845079753666,2025-06-16
bittensor,337.91455343068253,369.2652189481248,31.35066551744228,2025-06-16
blockstack,0.6328703547479625,0.6209592477577832,0.0119111069901792,2025-06-16
cardano,0.7016063297536601,0.6308538953091154,0.0707524344445447,2025-06-16
celestia,2.2853917242053656,1.7684164931742647,0.5169752310311009,2025-06-16
chainlink,14.188680472902202,13.181911788075924,1.0067686848262785,2025-06-16
coinbase-wrapped-btc,97523.86723793187,105013.50711206497,7489.639874133063,2025-06-15
cosmos,4.239256020870149,4.077243016200169,0.1620130046699799,2025-06-16
crypto-com-chain,0.0954814384183814,0.0905658147289311,0.0049156236894502,2025-06-14
dai,0.9998452762687288,0.9994659929515208,0.0003792833172078,2025-06-16
dogecoin,0.1726329456051736,0.1759604956195319,0.0033275500143582,2025-06-16
ethena-staked-usde,1.174543578540945,1.177078277611306,0.0025346990703609,2025-06-16
ethena-usde,0.9998888940873528,1.0001509555635024,0.0002620614761494,2025-06-16
ethena,0.2912092673535044,0.2993732083810743,0.0081639410275698,2025-06-16
ethereum-classic,16.16130404573699,16.661608113133344,0.5003040673963532,2025-06-16
ethereum,2191.698778466914,2540.180607833419,348.4818293665048,2025-06-16
fartcoin,1.1677487489439755,1.209992257585866,0.0422435086418904,2025-06-16
fasttoken,4.373990079181206,4.4489830804021775,0.0749930012209718,2025-06-16
fetch-ai,0.6395383624836326,0.6689098167862741,0.0293714543026415,2025-06-15
filecoin,2.4632567118914688,2.407345227918025,0.0559114839734435,2025-06-16
first-digital-usd,0.9984083733383716,0.9981255755006304,0.0002827978377409,2025-06-16
flare-networks,0.0161809855436713,0.0181245258240312,0.0019435402803599,2025-06-16
gatechain-token,21.982958099672548,16.759134378987802,5.223823720684745,2025-06-16
hedera-hashgraph,0.1623873977843446,0.1588513535812204,0.0035360442031242,2025-06-15
injective-protocol,9.972938672237692,11.52594276104044,1.553004088802748,2025-06-14
internet-computer,4.690939452712208,5.355277584949688,0.6643381322374804,2025-06-16
jito-staked-sol,193.1441871911884,179.8896891471862,13.25449804400219,2025-06-16
jupiter-exchange-solana,0.4261184002032205,0.4173161905628482,0.0088022096403723,2025-06-16
jupiter-perpetuals-liquidity-provider-token,4.189386395311439,4.406581220392045,0.2171948250806066,2025-06-16
kaspa,0.0842843212668914,0.0760125944682612,0.0082717267986301,2025-06-14
kelp-dao-restaked-eth,2301.7985722017515,2657.1063301510508,355.30775794929923,2025-06-16
kucoin-shares,11.013433411069071,11.210441054917744,0.1970076438486714,2025-06-14
leo-token,8.896710884477613,9.189014933131617,0.2923040486540014,2025-06-16
litecoin,84.83124081373674,86.13323139295338,1.3019905792166355,2025-06-16
lombard-staked-btc,97268.06096495276,104652.61482039338,7384.553855440638,2025-06-15
mantle-staked-ether,2296.301206031572,2706.4507771652848,410.1495711337129,2025-06-16
mantle,0.6896100655675186,0.6276891648249325,0.061920900742586,2025-06-16
monero,293.17080282441106,318.5920901721793,25.42128734776827,2025-06-16
near,2.2698320724077408,2.22588455393674,0.0439475184710005,2025-06-15
nexo,1.1532167710427648,1.2075569969629898,0.054340225920225,2025-06-16
okb,52.63573083108486,51.390603701889205,1.2451271291956516,2025-06-14
ondo-finance,0.8374841260771246,0.7831572718575481,0.0543268542195765,2025-06-16
optimism,0.7764451373583168,0.5863884481130367,0.19005668924528,2025-06-16
paypal-usd,0.9998529295790104,0.9995131275117848,0.0003398020672256,2025-06-16
pepe,1.0668475050859862e-05,1.0805308703049144e-05,1.3683365218928116e-07,2025-06-14
polkadot,3.857408093383613,3.807291566906128,0.0501165264774856,2025-06-16
polygon-bridged-usdt-polygon,0.99995014741832,0.9999128038097964,3.734360852358787e-05,2025-06-16
polygon-ecosystem-token,0.2029435017132836,0.1990563146565291,0.0038871870567545,2025-06-16
quant-network,84.78434621753082,105.62342071743312,20.839074499902296,2025-06-16
render-token,3.784501516932132,3.4250774935816097,0.3594240233505226,2025-06-16
ripple,2.3416700066085694,2.169982538293433,0.1716874683151363,2025-06-16
rocket-pool-eth,2423.969722465786,2874.100787459324,450.1310649935376,2025-06-14
sei-network,0.1844990326650885,0.178192619098906,0.0063064135661825,2025-06-15
shiba-inu,1.2185782068696647e-05,1.2966691081413078e-05,7.809090127164303e-07,2025-06-12
sky,0.065345522778608,0.0883005357857352,0.0229550130071272,2025-06-16
spx6900,0.7845893221970289,1.359861514906402,0.575272192709373,2025-06-14
staked-ether,2051.1930949085354,2528.335295239044,477.1422003305079,2025-06-14
stakewise-v3-oseth,2100.09676006283,2650.051552513799,549.9547924509689,2025-06-14
stellar,0.2556653881593813,0.2584225103110443,0.002757122151663,2025-06-16
sui,2.880675495621435,3.0183451803578665,0.1376696847364313,2025-06-14
tether,1.0001537573063854,1.000144057422383,9.699884002456471e-06,2025-06-16
the-open-network,2.9351877624136327,2.9789214569195632,0.0437336945059305,2025-06-14
tron,0.2544739374208367,0.2693412075252799,0.0148672701044432,2025-06-14
uniswap,5.361186277145672,7.204149490670419,1.842963213524748,2025-06-16
usd-coin,0.9998449221457693,0.9997994548727112,4.546727305809739e-05,2025-06-16
usds,0.9994258629864494,0.999886249000842,0.0004603860143925,2025-06-16
vechain,0.0262072655317556,0.0222616027277695,0.0039456628039861,2025-06-14
virtual-protocol,1.2605568701318015,1.844960791620181,0.5844039214883794,2025-06-14
weth,2079.362660373128,2543.756068212652,464.39340783952366,2025-06-16
whitebit,31.18968109042017,39.65711898484736,8.467437894427189,2025-06-16
worldcoin-wld,0.9504877358884832,0.9796237437673664,0.029136007878883,2025-06-16
wrapped-bitcoin,94909.73703405925,105406.75129482574,10497.01426076649,2025-06-16
wrapped-eeth,2256.9864963594337,2716.178077188683,459.1915808292492,2025-06-16
wrapped-steth,2427.5720838205766,3065.015992809528,637.4439089889511,2025-06-16
xdce-crowd-sale,0.06597789646697318,0.05983856427366351,0.006139332193309664,2025-06-16
